Label,Text
1,"Di Pepo mangkrak bangun jalan Non tol ?
Otak mn otak
Gw kasih contoh di daerah gw aja 
10 th si mangkrak berkuasa 
Jln nasional Saketi - Banjarsari , Banjar Sari - simpang mlp , simpang mlp - Bayah , Bayah - cikotok , RUSAK PARAH 
u/ pergi dari mlp ke serag buruh waktu 8 jam"
1,Pak ganjar hebat. Tp cuma untuk daerah2 yang perkotaan. Daerah tempat saya perbatasan jateng dan jatim jalan rusak puluhan tahun ga ada perbaikan. Kebangkitan nasional = pemerataan pembangunan
1,"Kalo perbatasan bekasi jakarta mah satunya jalan rusak lobang kerikil, satunya udah di aspal mulus˜"
1,"Naik motor kena jalan gejlukan jalan yg rusak nyampe rumah si perut tiba tiba ngilu,gini amat yak pasca sc ya Allah nikmat"
1,Bangun tidur badan sakit sakit semuaaa grgr jalan rusak kmaren nih ah sialan gmaps
1,"Kalau mencintai pandeglang, jangan biarkan masyarakat pandeglang susah, jalan pada rusak, orang hamil di tandu terus anaknya mati."
1,Jalan Tanjung - Kelua Rusak Berat
1,"Sejumlah warga di jalur Melesom-Lumbok berharap dinas pekerjaan umum provinsi Lampung membangun jalan dan jembatan rusak di jalur yang menghubungkan kabupaten Pesisir Barat dan Lumbok, Lampung Barat, tersebut.

"
1,naik motor klx kurleb 6jam an di jalan perbatasan yg super duper rusak bikin pantat w nyeri nyeri sedep§
1,di exit jatiasih dari arah taman mini ada bus rusak. Sudah 2 minggu berhenti di pinggir jalan. Jadi macet karena bottle neck. Tolong dipindahkan.
1,"tolong bilangin ke Pemkot Tangerang selatan, tolong benerin drainase di pondok kacang, masa airnya sampai menjadi genangan di jalan raya sama tolong diaspal ulang jalannya soalnya udh ada jalan yg rusak di pondok kacang"
1,Hari ini dendam bgt sama google maps˜ pdhl jalan ke rumah anggita tuh gampang bgttt karena masih deket jalan raya eee ini si google ngarahin kita ke jalan tengah2 sawah mana jalannya rusak bgt bgt bgttt diputer2 mulu lagi anjirrr
1,"Drainase Tidak Berfungsi, Penyebab Jalan Selalu Rusak di . Kunjungi ."
1,"Yak betul sekali, banyak ubin trotoar dan batu-batu yang bagian dari trotoar sepanjang jalan Sudirman yang rusak akibat dipakai latihan, bukan hanya dilewati skateboard."
1,Kondisi Jalan kami yg sangat rusak
1,"Jalan Lintas Tengah Rusak Parah, Truck Tidak Bisa Melintas"
1,Karna bahu jalan sekarang banyak yg rusak juga
1,"Jalan Lapen Simpang Lima-Mendo Rusak Parah, Butuh Perhatian Pemkab Manggarai"
1,"Hujan Lebat, Jalan Lintau-Batusangkar Rusak"
1,"Iya.
Tp kalau normal ramai sekali jalan ini. Ini pas jembatan bawah ditutup (rusak) sih.. jadi sepi"
1,Jalan Tambelang Rusak Tak Terlapisi Aspal
1,"Jalan rusak di depan rumah yang sudah puluhan tahun ga pernah di perbaiki,itulah hidangan dan sajian di depan rumah saya setiap hari,bukan cuma pas lebaran.
Ga perlu saya tambahin fotonya,PERCUMA...!!!"
1,"Tolong akses jalan dari desa dan kota diperbaiki dulu pak soalnya istri saya lg hamil kalo boncengan naik motor ga tega perutnya sakit dampak jalanan rusak. 
Dah gitu akses jalan banyak yg minim penerangan. Matur suwun"
1,Kondisi Jalan kami yg sangat rusak
1,"Naik turun bukit, dua kali lewat alas. Jalan rusak, berkelok-kelok. kudu nyium harumnya TPA pula. Kurang effort apalagi coba."
1,Warga Kaligowong Wonosobo Mengeluhkan Jalan Desa yang Rusak
1,depok jalan nya rusak
1,"iyaa motor kak, mobil ndak bisa segitu karena beberapa titik jalan berlubang/rusak"
1,"Sudah Puluhan Tahun Jalan di Dusun Baku-Sumi Rusak Parah, Pemerintah Kemana?"
1,Besop masup. Harusnya hari ini gausah ke mana-mana elaaaahh. Renteqqq badan tu lewatin jalan rusak yang rusaknya rusak banget.
1,"Kepasa yang buat ini, saya salah satunya yang selalu misuh tiap lewat jalan ini. Anj emang tinggi banget cuk rusak motor dibuaf"
1,Warga setempat hanya mampu memperbaiki sebagian kecil jalan yang rusak parah.
1,Jalan Penghubung Sukadana-Rancah Ciamis Rusak Parah
1,Weeeww tumben macet hahaha lampu merahnya rusak sepanjang jalan ¡
1,"Tak Kunjung Diperbaiki, Jalan Rusak di Desa Danasari Dikeluhkan Pengguna Jalan dan Masyarakat"
1,"11.51: Yang akan melintas di Jalan Citarum Semarang, hati-hati. Dilaporkan Pak Kokok (warga/pendengar), sejumlah paving di jalan ini banyak yang rusak, ada yang ambles, dan juga menggunung tinggi."
1,"Warga Jalan simpang Golo Kaca, Kota Borong, kecewa lantaran pemerintah tidak memperhatikan kondisi jalan itu. Mereka menilai, pemerintah tutup mata dengan kondisi jalan yang rusak."
1,"Kondisi jalan kabupaten sepanjang 4,5 kilo meter dalam kondisi rusak parah, ironisnya jalan yang mem... .co -tahun"
1,"sapa tau kalo yg ginian peduli...
jalan rusak mah udah dari dulu gitu"
1,"Ga usah di Tag mas, jalan Rusak aja gak Peduli"
1,jalan rusak sdh lama jl pekapuran dan jl ciherang mohon diperbaiki sebelum terjadi kecelakaan.
1,Pak mohon jalan raya mustikaya diperbaiki rusak banget soalnya
1,"Kata Warga Kampung Sendawar, Pemasangan Pagar Pembatas Dan Papan Peringatan Di Jalan 2 Jalur Sendawar Raya Yang Rusak Parah Tidak Menjadi Solusi"
1,Kami melaporkan kepada suku dinas terkait.tentang jalan stapak yg telah lama rusak di gang perkampungan ditempat kami tinggal yg berlokasi di JL.Bangka IXA Rt 0011/012 atw peebatasan jl.pondok jaya IX ujung..memang jalan tersebut asalnya swadaya murni masyarakat stempat
1,Jalan Karanggayam-Peniron Rusak dan Butuh Segera Perbaikan - Ratih TV ... lewat
1,"Bahu Jalan Sultan Hasanudin Rusak Akibat Pengerjaan Drainase dan Hujan Guyur Kota Ambon Seharian

"
1,"Mohon Bapak Walikota Tangerang- Di area tikungan masuk palem semi karawaci jl imam bonjol jalan rusak , kenapa ya tidak sekalian di betulkan saat ada perbaikan jalan yang lalu-- ini menjadi penyebab kemacetan parah terutama ketika sore jam pulang kerja."
1,"Jalan sepanjang lebih 10 kilometer terhitung mulai dari Pasar Natar menuju pasar tempel Desa Hajimena rusak. Sudah puluhan tahun belum pernah tersentuh perbaikan.


"
1,"Kondisi Rusak Parah, Jalan Karanggayam- Peniron Pejagoan Butuh Perhatian"
1,"Jalan Pondok kacang raya. Cek saja di lokasi, banyak titik yang rusak."
1,"Sepanjang jalan imam bonjol dari arah palem semi ke mcdonalds cimone banyak yang rusak dan hancur, apalagi di pertigaan arah prapatan kantor. Tolong dongg"
1,Jalan rusak depan rumah pak
1,"Jalan puncak dua itu ga rekomen bgt, disitu masih sepi, rusak, serem jg. Lebih baik lewat Sentul bukit pelangi atau Katulampa itu udah lebih baik. Jadiin pengalaman aja, syukur syukur ga ktmu begal disitu"
1,Jalan Mangunjaya - Puri Cendana - Stasiun Tambun klo udah jm 3 ampe abis isya ampun dah macet nya najisss apa gada kepengenan bwt benerin kondisi ini? Tersiksa tiap hari begitu juga Jl Raya Bosih - Ps Cibiting.Dilebarin ato apa kek mana rusak parah
1,"Jalanan di karawang banyak yg kek gini, kadang minim cahaya, jalan rusak dimana""˜"
1,"Ya lewat pandeglang jaya baya kesana lagi astaghfirullah jalan rusak pas hujan lagi 2018 itu juga, tapi ceweknya cantik2 orang malimping"
1,"Bekasi terpantau masih macet, panas dan jalanan rusak berlubang. Walakhir mah jalan-jalan sambil dengerin musik di mobil..

˜‘"
1,"Jalan Menuju Pasar Bojong Rusak Parah , Sering Banjir via"
1,Pantura Pemalang apa kabar? Lampu jalan gak ada / mati. Aspal rusak. Gak ada anggaran atau sengaja tidak dianggarkan?
1,Kondisi terkini jalan yang berada di Desa Pematang Bangsal Kecamatan Pemulutan Selatan Kabupaten Ogan Ilir rusak dan sulit untuk dilalui kendaraan roda 2 maupun 4
1,"Jalan Penghubung Gowa-Sinjai Longsor, Rumah Warga Rusak Tertimpa Material Tanah"
1,"Akses Jalan Rusak, Perempuan Melahirkan di Luwu Utara Ditandu Warga"
1,"slmt mlm.
Ada yg perlu dievaluasi ttg bina marga hanya perbaiki jalan rusak di railway crossing Grogol hanya yg jalur busway.Yg lain bgmn, bahaya lho."
1,Pusing jalan dilampung udah sempit banyak pula yg rusak
1,"Heheee...rumahku ke pantai itu 1,5-2jam jaraknya klo naik motor dg kondisi bbrp kondisi jalan rusak. Mungkin klo jalan bagus cuman 1-1,5jam aja hehe"
1,"Jalan pantura bumiayu-brebes rusak parah... Pembangunan jalan nya lambat... 
Kalah sama Kabupaten Banyumas dan Kabupaten Tegal.... 
"
1,"Jalan arah desa sengare-jolotigo rusak parah lur, sering terjadi wong podo tibo opo maneh musim udan.

Via 
"
1,Jalan alternatif bangsri krasak - mayong rusak banget bolong bolong.. cc
1,"
Mohon kesedianya di tijau ulang Tambang Pasir di Tempuran kecamatan srumbung Magelang pak.Jalan sangat rusak berat dan sangat tidak layak. 
1.Truck tidak tibatasi jumlah pengangkutan. 2.Truck degan Tonase yg tidak sesuai dpat ikut serta.Kasihan warga pak.3.PUngli"
1,Selamat hari raya idul fitri bang Pepen... maaf lahir dan batin... dan tolong jalan keluar masuk Harapan indah.. rusak berat mohon di per baiki bang...
1,"Terima kasih infonya mas dpt info baru juga kalo balekambang td tutup batu bengkung buka. Jalan dr batur ke balekambang 15km an rusak parah, kalo bawa mobil sedan eman"
1,"Herannya lagi ""mobil plat merah"" ya lewat jalan rusak itu tapi cuma lewat doang. Kenapa aku tau? Karena rumahku dipinggir jalan jadi ngamatin"
1,"Masih otw gan. Bentar lagi ya, jalan rusak soalnya"
1,"lampu jalan di gdc depan hampir semuanya mati, jalanannya gelap kalo malem, ditambah jalannya ancur banget banyak yang bolong, bahaya banget buat pemakai jalan cc :"
1,"kalo ngomongin keanehan Jogja emang gak ada habisnya 
sementara jalan Solo-Jogja sudah mulai bolong disana-sini dan lampu2 jalan di ringroad utara pada mati, sultannya malah ngeluarin surat edaran menyanyikan lagu Indonesia Raya. cerdas tiada batas!"
0,"Aku minus 8.75 :') sama, lensaku yang bukan ditipisin juga setebel ini dulu... Huhu kalo ga bawa kaca mata cadangan, terus yg lg dipake rusak ditengah jalan bayangin tersiksanya..."
0,airpods gue rusak gmn donggg gaada musik nolep bgt gue di jalan
0,"jalan-jalan ke PGC, emang niat benerin HP rusak"
0,"yg padahal dijadikan Pusat Kegiatan Belajar Masyarakat! Sebelumnya, lo juga dg keji membakar SD, Puskesmas dan rusak 3 akses jalan! Di bulan April lo juga bakar 12 ruangan sekolah sampe rugi 7.2M! Jelas OPM ini gamau warga hidup dengan aman dan sejahtera agar isu Papua"
0,"Kurir pun bisa dilindungi disini. Sistem cod pun jadi lebih rapi.
Kalau cod ditolak pembeli, yg rugi bukan cm kurir/ekspedisi saja. Penjual dan marketplace pun rugi. Yah, minimal biaya untuk packing ada kan? Belum lagi resiko barang rusak saat di jalan pas pengiriman."
0,"Rusak ditengah jalan
Typo bah"
0,"Mobil2 kek gitu rempong kali kalo dibawa jalan jauh. Kalo jalannya bagus okelah, kalo jelek? Pusing sendiri. Blm bicara kemungkinan mobil rusak ditemgaj jalan. Ga terlalu feasible biat kondisi jalan di negara ini wkwk"
0,"Serangan zionis Yahudi terus bertubi tubi menimpa kota Gaza subuh ini.

Beberapa rumah penduduk sipil dikabarkan telah hancur dan jalan jalan utama pun rusak, menghambat pergerakan Ambulance.


"
0,"Ini si kity empus pasar, yg dari kecil dia tertabrak motor, jd sarafnya rusak. Jalan sempoyongan.Aku nggak tega, besoknya aku dtg lg dan kulihat kity lari sempoyongan mendekat.Jd kubawa pulang buat kurawat di rmh, biar dia tdk kesusahan cari makan di jalanan.aku tau penderitaanmu"
0,"""setiap orang punya jalan nya masing-masing""
ini jalan saya kemana? maps saya rusak"
0,"Mantap lah pokoknya, pipi kanan gua retak tulangnya, pendarahan di dalem (alhasil gua muntah darah selama seminggu karna gua gamau di op buat nyedot si darahnya)
Terus gua ga bisa jalan sebulan karna balancing gua rusak. Btw drivernya meninggal karna mukanya kena mobil bak"
0,Gue beli earphone dari yang harganya diatas 200k sampe 15k di pinggir jalan sama aja cepet rusak gara-gara gue makenya kaga bener 
0,"dulu pernah mau beli baso naik sepeda terus aku lewat jalan yg rusak terus agak oleng dan itu hampir jatoh, pas liat belakang ternyata belakangku truk pasir. bisa dibayangkan kalo aku jatoh ni twitter uda ga aktif dari taun 2014 kayanya"
0,"Waktu itu mau balik ke kantor, jalan nya emang rusak + truk² emang biasa lewat sana dan gk ada pembatas sama jurang gitu. Waktu itu ada truk putih lewat dan temen ku bilang fine² aja klo lewat tapi naas motor kita kesenggol dan alhamdulillah nya kita jatuh hadap kanan (cont-)"
0,"ldr 2 bulan bgt grgr doi magang, sedii tapi gpp biar cpt² lulus ya trs jadi kontraktor jalan seperti yg km cita citakan ¸¨ tapi jgn korupsi ya biar jalannya bagus dan ga cpt rusak ˜‹—"
0,"tadi sempet bilang bilang part yg rusak buatan jepang, ada artikelnya kah? 
Kalau pun bener part jepang yg rusak kena petir, utk bagian penting dri kereta kenapa cina pakai part jepang punya, bagian mesin penting lho itu, sekalinya kena petir keretanya gabisa jalan"
0,"Ibarat motor, percuma sih kalo lagi ada salah satu yang rusak dipaksa jalan kek biasanyapun tetep rasanya beda"
0,"Tahukah Anda, jika Anda mengalami
kecelakaan gara-gara jalan rusak, Anda bisa
menggugat pemerintah."
0,"U sombong gpp heng soalnya sblm taken, percintaan u kayak jalan rusak alias gak pernah mulus"
0,"alas laptopnya pake papan jalan ˜Ž‘ ga pake kipas sih, terus juga sekarang mulai ngurangin main laptop biar ga cepet rusak wkwk ngeri² sedep laptopnya udah 4 tahun

eh tapi 4 tahun tuh udah lumayan lama ga sih buat umur laptop.."
0,"sangat biadab! OPM mengaku berjuang tp pejuang macam apa dg tega bakar Rumah OAP membakar SD, Puskesmas dan rusak 3 akses jalan pada 2-7 Mei di Kab.Puncak? Bahkan rumah yg dibakar itu jg dijadikan Pusat Kegiatan Belajar Masyarakat! Jelas OPM ini tidak mau warga hidup dengan aman"
0,"Era Rough aku betulan suka bangeeeet. Kerjaan aku dengerin lagu mereka. Dari rumah aku jalan kaki sampai jalan raya buat naik angkot ke sekolah. Lagu GFriend yang selalu aku dengerin. 

Ada cerita lucu, waktu itu earphone aku rusak pas di angkot. Ada temen sekolahku dua orang."
0,"ujannya deras bgt, mana muka gue perih bat si ujan arahnya dari depan. 
""Yaudah lanjut aja dulu, gue masih agak lemas bawa motor. Ntar di kebun org depan sana kita berhenti aja"" 
Oh ya, ini jalannya tuh benar2 rusak (maklum jalan kampung). Disisi kanan dan kiri"
0,agak Lucu betahnya menunggu 45 menit tidak pencet bell ˜¢ biar kecepatan mtrnya dan hindari jalan rusak harus ka jg jelaskan spy mengerti ˜¢˜¢ lalu nilai A mu itu dr mana???
0,"Hidup itu memang gak pernah ada mulusnya, lo pasti akan menemukan jalan yang rusak. Baik rusak biasa maupun parah."
0,bener ih wkwk tapi rawan rusak di jalan jewel case tu huhu
0,"Rumah di Papanggo Rusak Parah Tertimpa Beton Jalan Tol Ir Wiyoto Wiyono, Begini Kondisinya lewat 
"
0,"Lancarkan Akses Masyarakat, Dinas PUPR Tanbu Terus Lakukan Perbaikan Jalan Rusak “"
0,"pennya sering kebalik, terus malah marah marah sendiri gara gara dikira rusak kursornya ga jalan wkwk"
0,"Ceritanya ada salam dari sobatNET nich....

Nexts... yang mau bersalam-salam bis lampirkan foto atau videonya ya sobatNET ˜…˜‚

Balaraja"
0,"Jalan Lintas di Donggo Rusak, Warga Blokade Jalan dan Tanam Pisang"
0,"Aku pake robot dah mau jalan 5 bulan awet, yg samsung ori aslinya awet tapi habis kejepit pintu jadi rusak deh˜"
0,"dulu waktu smp mukaku bersih banget gaada jerawat sama sekali, terus tbtb temen temen ku nanya ""muka kamu dipakein apa? mulus banget abisnya"" setahun kemudian mukaku udah kayak jalan rusak alias break out parah"
0,"Kecelakaan perdana itu topik sgt lama tdk bs dijadikan tolak ukur, tp tahu tdk kecelakaan krn apa? Krn tersambar petir part korupsi dan merek kawasaki kalau tdk salah, merek jepang yg rusak sehingga berhenti ditengah jalan dan tertabrak kereta cpt lain. Dgn jam 30rb km sdh 6x jpn"
0,"Jaga Jalan agar tak Rusak, Pemkab Murung Raya akan Batasi Muatan Kendaraan

"
0,"udah baikan sebenernya. dia ada itikad baik kerumah. tapi itupun kayanya dipaksa temennya. yaudah kalo mau jalan lagi aku udah siap lahir batin, aku juga ngga mikir yg lain2. tapi setelah hapenya rusak bete lagi. cuma bentaran doang makan chacha ya?"
0,"Niatnya mompa sepeda lancar tinggal jalan, LAH INI GUA MOMPA SEJAM POMPANYA RUSAK WKWKWKWK udah olahraga tarik beban sendiri berasa ototnya"
0,"""Gila 9 tahun, udah ngapain aja... ""

Awalnya merangkak, belajar jalan, lari, tersandung, jatuh, berdiri lagi, ngayuh sepeda, oleng, jatuh, luka, ngayuh lagi, naik motor, cari SIM C, keserempet, baikan, belajar nyetir mobil, dapet SIM A, hilang kendali, mobil rusak, perbaiki."
0,"Masukan Masyarakat Soal Jalan Rusak Segera Ditangani, Agar Tidak Jatuh Korban 
"
0,"Banjir dan Jalan Rusak PR Jabar, Harus Diselesaikan dengan Inovasi dan Kolaborasi 
"
0,"Selamat siang, menindaklanjuti laporan terkait jalan yang rusak di Jalan Imam Bonjol depan Palem Semi sudah dilakukan tindak lanjut dan saat ini masih dilakukan penanganan sementara. Demikian kami sampaikan.
Terima kasih -YM"
0,Terus pemprov Jabar harus ngapain ? Mending ngurusin jalan rusak yg udh gak kehitung jumlahnya ?
0,"APESIE HEADSET GW HARUS RUSAK DITENGAH JALAN, KGK JLS BZZ"
0,"Polisi tengah mendalami kecelakaan yang melibatkan ambulans yang membawa jenazah di Jalan Gatot Subroto, Jaksel."
0,"Kondisi Jalan Armidha di kawasan Bani Suhaila rusak parah usai dibom pesawat tentara Zionis laknaktullah Subuh pagi tadi, membuat kawasan itu tidak bisa dilalui kendaraan."
0,"Jangan pernah beranggapan bahwa dalam menjalin sebuah pertemanan, semua akan berjalan mulus

Lihatlah sebuah jalan yang baru di buat dengan perencanaan yang matang juga akan rusak dikemudian hari"
0,"- trs abis itu ngecheck hp buat liat jam, eh si ibu2 nya bilang "" Loh neng itu pake jam kok ngeluarin hp lg?"" Aku jawab "" Hehe iya bu ini jamnya rusak udah ga jalan "" plz malu bgt diketawain org2 mana abis itu si ibu bilang "" Untung yg nanya saya ya neng bukan gebetan kamu"""
0,"Kumpulan foto berikut menunjukkan dampak dari badai siklon Tauktae, seperti rumah para nelayan dan penginapan di tepi jalan yang rusak, serta pohon-pohon yang patah dan tumbang di dekat Kota Una, Distrik Somnath, Negara Bagian Gujarat, India, pada Selasa (18/5)"
0,"Teroris KKB su bacok dan bunuh tukang ojek 14 April dan tukang jual bakso 18 April yg tra tau apa2, lalu jg su bakar SD Mayuberi, puskesmas, juga ksh rusak tiga akses jalan di Ilaga, Papua. Apa orang Palestina buat sengsara orang Palestina lainnya? TIDAK!"
0,"Kalau smua kran di tutup lumpuh ekonomi, makanya ada pertimbangan2 untk tempat2 yg sifatnya lokal di buka dgn full standar prokes agar ekonomi jg jalan, kl cm ngikuti daya pikir politikus atau tokoh2 yg punya kepentingan rusak sdh daya pikirnya, politikus bcara cm untk klompok"
0,"YELLOW SQUAD ‘ Kegiatan Perbaikan Jalan Rusak dan Pengecatan Kansteen oleh PJLP Lapangan Kecamatan Pasar Minggu
Selasa, 18 Mei 2021"
0,Yg keras aja bisa rusak d jalan aplagi ini TT
0,"Pasca Banjir, Jalan Penghubung Desa Sambi-Sungai Dau Rusak!!

"
0,"Jangankan itu sudah berbentuk doit, yang berbentuk aspal panas saja bisa di karungi, makanya tidak heran jika jalan raya cepet rusak.."
0,"banyak ujian di hari ini, mulai dari HP rusak, mesin cuci rusak, banyak tugas kuliah yang bertumpukan.
tapi alhamdulillah, kalo kita mau sabar dan yakin bisa melewati semunya, insyaallah ada jalan untuk bisa memecahkan masalah tersebut."
0,"Iye beh, ibarat nila setitik rusak susu seblanga.
Ambil pelajaran aja beh kite..

Ane udh catate Beh.
Moga kite Istiqomah di jalan yg Alloh, mati dlm keadaan muslim membawa iman."
0,"rusak bgt, asli otaknya udh ga jalan maaf bgt gbs aku mikirin trauma yg bakal anak kecil ini bawa seumur idup"
0,"KOK BISA xiaomii apa? Punya gw dah rusak batrenya, pdhl baru jalan 2 jg"
0,Untung itu pas wisuda. Jdi terakhir kali kita ketemu‚masih malu anjir. Pas udh ambil HP mau balik ke kelas di liatin soalnya jalan nya agak aneh‚malu banget anjrot ketara beli sepatu murah ya pdhl ga murah sih tpi knp hrs di dpn mas crush sih sepatu aku rusak Nya
0,harapan dan doa semoga bpk dapat memberi bantuan bagi kami di kepl.Talaud Sulawesi Utara
0,"UP! 
cari inspirasi dan mood buat cerita itu ga mudah, bukan sesuatu hal yang dianggap ""ah gitu doang."" ide itu mahal loh, apalagi mood nulis, itu berpengaruh bgt ke cerita yang kita buat, kalau mood menulis udah ilang/rusak yah jalan cerita juga kena imbasnya...."
0,"Ntar mark mnju ke jalan jodoh nya. Jalananya gua tandain ""jalan rusak"""
0,"Banyaknya Jalan Rusak di Sodonghilir, HIPPAMAS Sebut DPUTRPP Kab Tasik Tak Paham Undang-undang &gt;&gt;&gt; 

"
0,"Jalan Rusak di Desa Danasari Pemalang Direspon Politisi PPP Masruhan Samsurie, Ini Pesannya"
0,"seporsi cah kangkung 15k di warung seafood pinggir jalan. pan kalo beli seiket cm 2900 di superindo:"") hadeh kulkas rusak bikin boncossss"
0,Fix mbanya pulang bedaknya gronjal gronjal kaya jalan rusak
0,"Godain Kita Dong ini salah satu film warkop yang premisnya keren &amp; terlucu tapi rusak gegara act 3 nya malah adegan mimpi ke pulau, harusnya mah liatin jalan idupnya mereka ngerantau di jkt aje lebih lucu pasti"
0,"Jalan Kabupaten Rusak, ini Saran Gubernur cakrawalarafflesia"
0,hp ku lcdnya rusak meng.. gak enak kadang nyandat2 klo lg jalan
0,"Jokowi Mau Datang, Jalan Rusak di Bintan Tiba-tiba Langsung Diperbaiki



"
0,"Saingannya gahar gahar, punya KLX lah R15 lah vesmet, lah beat gua bisa apa, kalo ada jalan rusak palanya ngegeter"
0,"Sejumlah Ruas Jalan Nasional Rusak, DPRD Madina Desak BBPJN Perbaiki lewat"
0,"Mohon izin umpat komen,siapa tau dibaca.Kalau bisa sesekali rajia/check jalan di Tenggarong seberang sebelum simpang 3 patung lembuswana. Ada beberapa titik/ruas jalan yg dipakai utk hauling,khawatir terjadi tabrakan krn ndik ada lampu penerangan,belum lagi jalan cpt rusak.Thanks"
0,Jokowi ke Bintan rencananya dalam rangka peletakan landing point Jembatan Batam-Bintan di Tanjunguban.
0,"Saya bersyukur Tuhan pilihkan jalan untuk meninggalkan orang yang tidak benar dan bisa membuat saya semakin rusak. Selain jalan yang Tuhan pilihkan, saya juga bersyukur karna Tuhan juga pulihkan hati saya dan kehidupan saya. Be the better person every day, Terimakasih Tuhan."
1,"Selamat malam ada apa kok tiba2 jam segini listrik padam daerah karangrejo,gempol pasuruan"
1,"halo admin ini listrik di daerah sampali percut sei tuan kok padam ya, tolong hidupkan dong min panas nih

Yang mati satu daerah ya bukan rumah saya aja"
1,"Saat ini, listrik padam lagi, tanpa pemberitahuan, tanpa hujan dan tanpa angin, tanpa badai.
Ini bukan kali pertama, tapi udah puluhan. Mau sampai kapan kualitas layanan listriknya begini? 

*yg mati seluruh rumah yg satu sumber listrik, bukan satu rumah saja*
"
1,"tolong ini udah 15 menitan listrik padam, hadeeh padahal cuma diguyur ujan bentar aja langsung ""byar pet""

*tengok tetangga yg beda gardu masih nyala*"
1,"untuk wilayah duren seribu Depok , listrik padam ada apa ya ...gak enak banget ini , Maghrib ,mati lampu ,hujan gerimis ..."
1,min cek dm pelaporan listrik padam sudah lama
1,"PLN Rayon Batanghari Padam dari tanggal 20 Mei 2021, Pukul 17:17 WIB
Nama Pelapor : joni
alamat : Bajubang darat KM42 Rt.03 desa Penerokan Dusun Purwosari Kab. Batanghari, Kec. Bajubang
Telpon: 085268896000
Tiap hari mati manjang, apo lah guna bayar listrik"
1,Listrik padam tanpa pemberitahuan di daerah kampus Jember
1,"PLN Rayon Batanghari Padam dari tanggal 20 Mei 2021, Pukul 16:38 WIB
Nama Pelapor : joni
alamat : Bajubang darat KM42 Rt.03 desa Penerokan Dusun Purwosari Kab. Batanghari, Kec. Bajubang
Telpon: 085268896000
Tiap hari mati manjang, apo lah guna bayar listrik"
1,uy jadi dalam sehari harus berapa kali nih bikin pengaduan perkara listrik dirumah padam?
1,pak tolong nyalakan listrik medan labuhan kelurahan nelayan indah blok cc .sudah daritadi pagi padam. tolong ya pak
1,"Rumahku jalan mojosarirejo desa mojosarirejo rt 5 rw 2 Driyorejo Gresik 
Sekarang listrik padam tanpa pemberitahuan ,tolong segera di tindak lanjuti min"
1,"Listrik padam di Rt07/02 Dusun Beyan, Desa Sumurgung, Kec. Montong, Kab. Tuban, Jatim.

Di Rt yg lain tidak padam. Aneh! Perlu segera ditangani.
"
1,"Listrik padam dari tadi blm ada penanganan , tolong min"
1,Listrik padam.. Mohon segera ditangani
1,"Selamat malam listrik padam di kecamatan Andowia Kabupaten Konawe Utara, Provinsi Sulawesi Tenggara. Sudah padam sejak kemarin malam dan sampai sekarang belum menyala. Kira2 ada perbaikan atau bagaimana min, terimakasih"
1,"halo mimin, listrik daerah Medan Perjuangan lagi padam ya? Ad estimasi berapa lama?"
1,"hallo min tolong dong listrik padam dari setengah 7 pagi ini. Punya anak bayi soalnya kasian panas. Saya Ada di kavling yamaha lestari, bahagia babelan bekasi.. tolong min"
1,"Siang min mohon infonya untuk kelurahan Pakualam, Kec. Serpong Utara Tangerang Selatan kenapa listrik padam jam segini? Tempat usaha saya rugi karena jadi tidak bisa transaksi. Mohon bantuannya segera untuk menyalakan listriknya kembali."
1,"Selamat pagi listrik padam di kecamatan Andowia Kabupaten Konawe Utara, Provinsi Sulawesi Tenggara. Sudah padam sejak tadi malam dan sampai sekarang belum menyala. Kira2 ada perbaikan atau bagaimana min, terimakasih"
1,stut listrik di rumah saya sudah beberapa hari terakhir selalu balik/padam sendiri tiap malam. Padahal pemakaian kami belum melebihi batas. Tadi malam bahkan stutnya balik/padam 4 kali. Mohon solusinya karena kami tidak mau peralatan elektronik di rumah kami rusak.
1,"Halo PLN
Jl Pucung 1 Balekambang Kramat Jati Jakarta Timur listrik padam semua...dah 1 jam...tolong tindakannya segera..."
1,"hallo pln, desa banaran, delanggu, klaten, ini listrik padam tanpa pemberitahuan sblmnya. bisa diinfokan kendalanya apa?"
1,"Pagi min, listrik di rumah saya padam tiba2, tetangga sekitar masih menyala. Saya cek mcb rumah aman dan mcb pln pun aman, ini seperti pemadaman biasa tapi kenapa cuma rumah saya ya? Bisa di bantu?"
1,Tolong tanggapannya listrik di tempat kami padam .....padamnya satu jalur.....
1,Daerah sirampog Brebes slatan listrik padam ada apa kah wahai PLN
1,"
Maaf izin Melaporkan
Listrik Padam
Alamat Sabrang, Mendala, Sirampog, Brebes
Mohon dicek"
1,"tolong info 
Sepanjang jalan jagir Wonokromo- panjang jiwo Jemursari surabayai listrik padam!!!
Tolong respon ya
Sumuk bos pol nangis keringet...."
1,"jam segini listrik padam, ojo suwe suwe min"
1,"Selamat malam min.. lagi mau istirahat, listrik padam daerah jagir sidoresmo, Wonokromo, Kota Surabaya.. mohon informasinya min.. ada apa yah ?? Terima kasih.."
1,"Help !! Listrik padam sejak pagi sampai sekarang, lokasi talang baru, Kel. Pekurun kec. Abung Pekurun Lampung Utara, mohon ditindaklanjuti, petugas lokal gak responsif, lelet . ."
1,"Admin, pemadaman listrik dilokasi gw dikarenakan apa? Tolong check dm segera. Pemadaman mulai sekitar jam 5pm sampai jam sekarang ini listrik masih padam."
1,"min, daerah Stasiun kembang baru - Maguwo listrik padam dari jam 2 mlm td ada apa ya?"
1,"selamat siang bapak/ibu admin, mohon info Listrik padam di Desa Warnajati, Kecamatan Cibadak, Kabupaten Sukabumi, sampai kapan ya? Trmksh"
1,mohon tindak lanjut nya listrik wilayah bekasi dan bogor padam dari jam 2 dini hari s.d sekarang..
1,"

Bener2 kalo di rumah Lamongan listrik padamnya lama banget..

Tadi malam listrik padam, siang ini juga padam lagi. Udah 2 jam an gak nyalah2.."
1,"min ngk ada hujan ngk ada angin ngk ada pemberitahun listrik di daerah saya Geyer padam, pekerjaan &amp; pembelajaran daring terganggu cc"
1,"min listrik daerah rawasari timur padam , kira2 berapa lama ya? lagi WFH nih"
1,"Selamat pagi admin.
Min listrik padam yg di daerah maguwoharjo kira2 masih lama tidak ya nyala nya, ini ikan koi saya dah pada megap2.
Mohon info nya..Mkasih"
1,"Hallo ini kenapa listrik daerah jonggol udah padam sepagi ini, duuh mana blm masak nasi,blm nyuci pula,tolonglah pln kerjasama nya untuk segera menyalakn kembali terimakasih"
1,"bang listrik di cisauk dan sekitarnya padam,kira2 sampe jam berapa ni bang?"
1,"pagi-pagi Tangery Kota listrik nya padam. 

Belon nyetrika baju nih"
1,"min, daerah kalongan maguwoharjo jogja listrik padam dari semalem, mohon follow up nya. Trimakasih"
1,"tolong dong petugas pln, listrik di jkt barat. Jln kesejahteraan dan gang kancil masih padam blm nyala2 rt 14 rw 08"
1,"Dear PLN, Sudah 2 jam listrik padam...belum ada respon dari PLN. Via mobile juga. Ditelpon PLNnya sibuk. Cek DM. Thx"
1,"Tolong min ini di tempat saya listrik padam sejam lebih, di dusun sanggrahan maguwoharjo, panas banget, batrai hp juga mau abis mau kerja jadi susah ini. Tolong dicek min"
1,"dari pkl. 18.30 sampai saat ini listrik disekitaran Kel. Sukamiskin Arcamanik Bandung msh padam hanya karena satu kios yang kebakaran, mohon segera sibuat normal kembali, karena banyak sektor usaha yg dirugikan dengan kejadian ini. Trims"
1,"listrik padam sudah lebih lapor via PLN mobile dngan nomor adua G5421051711852, padam sudah 3 jam lebih belum nyala."
1,Pagi min untuk jam istirahat ini sungguh tidak nyaman ya listrik padam di area metland Cileungsi terima kasih
1,"malam kk admin,ditempat saya listrik nya padam daerah jalan keadilan batuceper kota tangerang 15122"
1,"pemadaman listrik di Mandala Mekar sekitar jam 00.00, Kab Bandung, kira2 knp yah? Ini yg ke 2, sebelumnya jam 18.30 td malam jg padam 1 jaman. Trims"
1,"listrik daerah kalianyar X gang 2 padam, ada apa y? Tlg pnjelasannya, trims..,"
1,Admin kenapa Listrik Di daerah saya padam. ? Alamat KP.Bulak RT.001 RW.003 DS.Karangasih Kec.Cikarang Utara kab.Bekasi
1,"tolonglah min, ini di Puri ganda asri ciangsana, listrik padam, kenapa ya min, panas min, tolong respon ya"
1,"halo ini knp tiba2 listrik padam? Daerah jembatan besi, tlong segera di bereskan karena ada bayi.. kasian kepanasan.."
1,"Halo ini di lingkungan jatiasih listrik padam, ada kendala apa ya? Sudah 1 jam listrik padam"
1,disini mati lampu ada apa ya ? tolong dong diperbaiki... hari gini jaman sudah canggih kok masih sering padam listrik
1,"laporan listrik padam. Daerah kelapa dua , kab tangerang."
1,"bos, listrik di komplek Reni Jaya Pamulang, Pondok Petir, Bojongsari, depok, sudah satu jam padam... Dinyalain donf"
1,listrik di daerah kecamatan Cepiring utara Kendal Jawa Tengah sudah berjam-jam padam ada apa ya. Gelap gulita nih... Mohon info dong.
1,"Min tolong cek dm 
Listrik padam area pidodo kulon patebon kendal"
1,"Hujan di Vila Pamulang TangSel dibarengi dengan listrik padam, hebat cc"
1,listrik di wilayah ciliwung semarang timur padam kenapa ya ?
1,"halo, ini listrik rmh saya padam ya tp tidak merata. kapan ya nyalanya?"
1,hellooo ini daerah Serua Sawangan kenapa sering2 bgt padam listrik ya?? Kenapa lagi sih?? Estimasi berapa lama? Kalau tiap ujan padam listrik bete sih!
1,"mimin, jalan pusponjolo semarang padam listrik sudah 1 jam. Ada apakah? Kapan nyala lagi?"
1,"min tolong cek dm saya ya, listrik rumah saya padam nih minta tolong follow upnya. Terimakasih."
1,daerah Sinai Kelapa dua Tangerang listrik padam tanpa ada pemberitahuan. Mohon segera dinyalakan min lg kerja ini
1,"listrik padam TDR 409 L02 L01, cek dm tolong"
1,"halo pln listrik di serua bojongsari depok padam, lagi ada pengajian orang meninggal ini ya Allah. Tolong segera di nyalakan. Makasih"
1,"Daerah Desa Pekik nyaring, kabupaten bengkulu tengah, provinsi bengkulu, padam listrik berkali2 malam ini. Sekarang padam lumayan lama. Mohon dibantu ke unit terkait"
1,"
Harap segera diperbaiki gardu di komplek bumi patra sriwijaya jalan ahmad yani blok G 33 dikarenakan ada terjadi bunga api yang menyebabkan listrik padam. Nomor yang bisa dihubungi 08127897111"
1,"Pak Dirut PLN yang terhormat tolong di perhatikan di daerah kami sering sekali listrik padam dalam satu minggu bisa dua kali listrik padam. Dan ini sudah berlangsung lama sekali pak, terimakasih."
1,"Apakah sudah ada yang menangani untuk listrik padam di Desa Rabak, Rumpin Bogor Barat. Sudah hampir satu jam lebih listrik padam."
1,"Halo ini daerah beji, Depok padam mati listrik. Ini estimasi nya berapa lama ya? Makasih"
0,"Selamat siang Kak Ezri Arlandi.
Mohon maaf atas gangguan listrik padam yang dialami. 
Laporan tersebut akan kami tindak lanjuti ke PLN unit terkait, mohon informasi saat ini di lokasi padam banyak rumah atau 1 rumah saja? 

Tks. -Tari"
0,"Maaf ya Kak Yanto atas gangguan yang terjadi, mohon konfirmasi bagaimana kondisi listrik saat ini masih padam atau sudah normal kembali?

Trims -Riko"
0,"Mohon maaf atas gangguan yang terjadi Kak, mohon konfirmasi bagaimana kondisi listrik saat ini masih padam atau sudah normal kembali? Trims -Riko"
0,"5. Nomor token (20 angka) sesuai pembelian, tanggal pembelian, nominal pembelian, melalui Bank dan ATM/Aplikasi apa?
6. Kondisi listrik saat ini apakah padam atau tidak? Jika tidak padam mohon diinformasikan sisa kWh.
[3/4] -Bian"
0,"Dulu mau nulis artikel ttg PLN dan listrik —gabisa ditulis sama sekali Artikelnya untuk PLN, dan ya kali aku bisa lolos kurasi kalo isinya ttg hal negatif PLN dan betapa listrik itu ga merata 

Betapa tangguhnya barang elektronik di sini karena mati listrik adalah kebiasaan"
0,"min jangan mati mulu dong dah 3 kali mati listrik, astaghfirullah."
0,"Dear PLN,
Mon maap bukannya gimana nih tapi ini listrik di padamin terus nyalain padamin lagi nyalain lagi tuh bikin alat elektronik rusak. Ini pc gua jadi nyala mati nyala mati nanti rusak mau tanggung jawab gak?

Ajg banget //"
0,halo pln saya gabisa isi token. Gagal terus nomer id pelanggan 14233093443 cepet ya min keburu mati listrik saya !
0,Negara lain sdh mikirin gimana manusia tinggal di luar angkasa..... Sawangan masih mikirin gimana klw ujan listrik PLN gak mati.....weleh...weleh...
0,2021.... baru Ujan mati listrik......o alah..... PLN..... kapan majunya ....
0,"Sering banget kalo lg hujan gini gardu meledak, suaranya serem bgt.
Listrik mati paling cuma 2 detik terus nyala lg.

"
0,"gabisa gitu dong pln, masa mati listrik lagi aku hrs kerja"
0,"faklah PLN, waktu tidur listrik mati"
0,Nomor Kontak PLN untuk Lapor Mati Lampu &amp; Gangguan Listrik -
0,"ini knapa yaa kok baru saja listrik di daerah kami tiba2 mati, beberapa detik kemudian langsung nyala lagi. Apakah emang ini dari ? Wah kalau gini caranya terus, peralatan elektronik bs rusak"
0,PLN ga lucu bgt dah aing lagi maskeran malah mati listrik gimana ke kamar mandinya
0,"Ini katanya pln deket rumah konslet, duh takut mati listrik mana ngga ada yg punya kuota"
0,"Hallo kualitas listrik yang sangat baikkk seminggu 3 x mati lampu,dm lama responnya!!cukup memuaskan yaaa"
0,mati listrik min.cek dm ya buat infonya
0,ANJRIT KETINGGALAN WONY MAINAN GARA-GARA MATI LISTRIK WIFI MATI PLN ASU
0,"kenapa di wilayah babelan kabupaten bekasi sering mati listrik ya, biasanya di saat hujan, dan hari ini juga mati listriknya, jika ini terus2an terjadi akan membuat peralatan elektronik di rumah cepat rusak, misanya kulkas dan ac, mohon untuk segera di nyalakan kembali"
0,Sial banget mati listrik di 2 menit sebelum presentasi. PLN bercandanya kebangetan.
0,"punya masalah apa si, listrik mati tiap hari, juga, listrik mati sinyal juga mati"
0,"Karepe pln piye sih iki.. listrik mota mati ae.. nek urusan duit ae sat set, urusan pelayanan tidak memuaskan."
0,"listrik mati 15mnit, nyala 3mnt mati lagi berulang ulang udah 3x. Ancur elektronik saya kalo begini kerjanya PLN"
0,Parah banget sih mati listrik tp mati nyala mati nyala!! Ngapain tau!! Kesel!!
0,ASTAGHFIRULLAH AJIG PLN LO NGAJAK RIBUT??? INI GUE MAU MANDI GAJADI2 ANYING LISTRIK MATI NYALA MATI NYALA ASU
0,"Dari malam takbiran sering banget jam segini mati listrik, Anda lelah ?"
0,"Kost 1: rumah tua isi 4 kamar. Listrik bayar sendiri ke loket pln, kamar lembab bener sampe banyak lintah gatau masuk darimana pernah mati lampu sendirian hujan badai, bye banget ahhahaha trus pindah kosan"
0,"Udah 2kali mati lampu cuma sebentar mati trus nyala, org lagi wfh make pc wooiii bukan make laptop!! Mati nya 1mnt nyalain nya setengah jam! Ngabis2in token listrik aje"
0,Udah normal min. Semalem kayanya belum bener udah nyalain listrik pln nya. Yang jelas tetangga pada mati lampu juga sebelumnya
0,"kebiasaan bgt kalo hujan pasti mati listrik woy, maksudnya apaan si, nyusahin bgt"
0,eh sumpa pln kenapa suka mati hidup listrik jam segini da
0,"sindanglaya kab. bandung mati lampu udh kayak minum obat 2x sehari , gk usah dagang listrik lagi min jualan cilok aja sana"
0,"Min cek dm cepetan, masa gw ga lulus kuliah gegara mati listrik sih"
0,lagi anget lagi ya? Hobi mati listrik parsial nya kumat lagi.
0,Setiap hujan deras mati listrik terus
0,"Disuruh dirumah aja,hujan bentar listrik dimatiin lama bgt!
SOP perbaikan listrik mati brp lama sih?harusnya gak sampe sejam! Kan kita udah masuk era digitalisasi+algoritma valey+tesla!

"
0,VILLA PAMULANG KNP MATI LISTRIK MULU YA ADMIN PLS SEMINGGU BISA 2X
0,"Seperti yg terjadi di kos dulu. Jadi kosku dibelah kiri kanan beda aliran listrik. Suatu hari, mati lampu terus pas nyala cuma kiri aja yg nyala dan kanan mati terus. Akhirnya yg punya kos tlp PLN. Pas petugasnya datang, ternyata sebelah kanan itu cuma TURUN aja sekeringnya"
0,Dikirain mati lampu dari jam 10. Tau2nya listrik abis yaallahhhhh memalukan. Untung belum telfon pln dan nanya2 tetangga
0,"Mending mati listrik ra.. alasannya:
- 60-70% tubuh manusia kandungannya air, bukan listrik
- sumber listrik PLN saat ini masih disumbang dari energi fosil yang tak ramah lingkungan sebesar sekitar 85%

Saatnya penghematan, saatnya transisi. Cmiiw."
0,Duuuuh pln asi oe cair kalo kelamaan mati listrik
0,pln berteman sm nassar anjir mati listrik lama bet dah.
0,"sebel aja sama pln, listrik mati nyala uda tau cucian baju blm kelar kelar"
0,Tiap malam rutin mati listrik lebih dari 10 menit. Kukira daerah ini istimewaaaa!!!
0,tolong dong kalau pemadaman diberikan info terlebih dahulu. Peralatan elektronik saya sering rusak karena pemadaman listrik mendadak . Sudah 2 komputer saya rusak karena sering nya mati listrik mendadak.
0,"Kebiasaan banget tiap deket deket ateez mau tampil pasti ada aja gangguan.. ntah wifi yg lelet, ntah mati listrik kek sekarang fakk pln kenapa harus skrng sihh"
0,"min punten ini kan saya telat isi token listrik keburu mati listrik dirumah, tapi kenapa ya pas diisi stroom tokennya mantul gitu kayak gabisa Nerima, harus digimanain dulu ?"
0,Untung listrik e mati pot
0,"Kebangun karena mati listrik, kenapa siggh pln"
0,"Bs saja gangguan tsb krn hal lain bro. Listrik PLN misalnya. Kalo mati lampu, biasanya jaringan internet le lngsung down. Biasanya seperti itu. 

(Diluar kendala operator Telkomsel)"
0,"Mati lampu dari semalem, listrik konslet kata pln. Panasnya """
0,"Tolong dong PLN kukar atau apapun terutama daerah hambau kembang janggut dan sekitarnya listrik tuh jangan keseringan mati, tua kita heneh tegek apa caranya urang lah beyar"
0,"Dikerjain PLN apa gimana nih?
Mati listrik semenit, nyala lagi. 
Beberapa menit mati lagi."
0,"Akhir2 ini sering banget listrik ga stabil dan mati gitu aja. Sudah telp ke 123, ga pernah dpt penjelasan ada apa. Haloooo"
0,"Sudah nyala kak, semoga nanti malam tidak mati listrik lagi"
0,"Halo , apakah ada program pembangunan listrik di Pulau Masalembu ? Sialnya di pulau kami PLTD yg ada uda lama mati, sdgkan masyarakat butuh listrik. Cc"
0,PLN manado harus sering di Periksa dan di Audit bisa jadi ada Korupsi besar-besaran...sedikit-sedikit mati lampu....tapi listrik minta di bayar tepat waktu...curiga suku cadangnya banyak yg KW tidak Asli jadi cepat rusak
0,PLN manado harus sering di Periksa dan di Audit bisa jadi ada Korupsi besar-besaran...sedikit-sedikit mati lampu....tapi listrik minta di bayar tepat waktu...curiga suku cadangnya banyak yg KW tidak Asli jadi cepat rusak
0,PLN manado harus sering di Periksa dan di Audit bisa jadi ada Korupsi besar-besaran...sedikit-sedikit mati lampu....tapi listrik minta di bayar tepat waktu...curiga suku cadangnya banyak yg KW tidak Asli jadi cepat rusak
0,"Pln diranto ini punya masalah hidup apasih, listrik mati idup mati idup. Mentang lebaran yakin bgt dimaapin lu pln."
0,"Libur lebaran mati listrik, PLN nya knp dah.."
0,Pln gmn sih. Lg lebaran+panas²nya malah mati listrik
0,2021 masih mati listrik terus ya pln?
0,Zzz sehari 2x PLN mati listrik
0,Di Pulau Masalembu uda lama Pembangkit Listrik Tenaga Diesel (PLTD) mati. Adakah program listrik untuk Pulau Masalembu ?? Kami juga butuh listrik. Cc
0,drama perlistrikan malem ini tiba2 meteran listrik mati. hp mati. ga ada kendaraan. untung digojekin powerbank dan dipanggilin pln ama ya allah suwun ping sewu pokokmen mith. i love you full sak full e
0,"PLN, knp harus ada listrik mati di hari raya"
0,"Diprank PLN lagi
Tbtb mati listrik padahal lagi nugas lalu mikir ""lanjut besok aja takutnya matlisnya lama"" Udah siap rebahan tbtb listriknya hidup, akhirnya balik nugas lagi"
0,mati listrik mulu ya tuhaaaan
0,mati listrik muluuuu
0,Bisaa haha tapi jarang bgt wkwk bisa di hitung jari dan biasa mati lampu karena dari pln ada masalah besar gitu sampe listrik nya harus di matiin
0,PLN Suluttenggo Antisipasi Listrik Padam H-1 Idul Fitri 
0,"Morowali Listrik Sering Padam, AMM Minta Kepala PLN Dicopot"
1,udah dua hari mati air jadi berasa di gurun
1,"oh ini yg bkin aer dirumah smpe skrg mati,,
mhon cpat diperbaiki dan segera dialirkan air kerumah warga yg terdampak sesegera mungkin"
1,air dirumah mati argh
1,"air mati, listrik hidup mati. simulasi hidup di peradaban manusia purba."
1,yang lagi males mandi mandilah sebelum ngerasain udah 24 jam lebih mati air dan jadi susah buat ngapa ngapain)
1,Ya allah air mati
1,"Pdam mati dari kmren.
Segini baru bbpa jam susah air, udh ngeluh. Gimana sodara di palestine, krisis air bertahun2. Tp alhamdulillah disana ada proyek sumber air dr negara2 yg bantu. 
Bersyukur, penting bgt"
1,"Min ada yang tau kah jasa isi air bersih buat isi toren Min, udah 2 hari air mati, makasih Min"
1,"selamat pagi, sudah 2 hari ini, di perum bukit mutiara jaya/Kencana jaya, blok J3 air PAM mati, mohon info kapan hidup kembali, karena tandon juga sdh habis. Terimakasih."
1,Hujan hampir tiap hari tapi air mati
1,air sering mati (layanan publik tidak lancar). Tapi Konsumen gak boleh telat bayar. Telat bayar langsung denda. Kinerjanya bagaimana nih pak Wali ?
1,sudah 2 hari mati. Janjinya kemaren siang air mengalir. Tlg segera ditindaklanjuti dan kirim mobil tanki air ke Perum. Teras Hijau.
1,OPO O TIAP PUP NDK KANTOR AIR E MORO MATI
1,"Bisa bisanya air kamar mandi di RS mati, pen pupita akutuwh"
1,"Masalah air mati pula di rumah ni Piggy!! 

Terpaksa mandi di tempat kerja. Entah bila isu air di hometown aku ni boleh selesai. Penat sudah maki Jabatan Air, nda jalan juga"
1,"Makasi ya, air kosan mati pagi ini dan aku mau ke kantor tp belet pup
"
1,"Mohon bantuannya pak...?
Di daerah saya desa margomulyo kec juwana kab pati air PDAM sering mati tidak ada aliran, hidup juga sebentar dan tengah malam

Mohon pencerahannya"
1,Pagi2 dah ngrecokin rumah org buat numpang mandi gegara dirumah air mati
1,"Kenapa dah anjrit gue mau gawe air mati, balik gawe pun air mati"
1,pagi2 air mati! waktunya org brkt kerja woiiii !!! tolong CEK segera area menganti !!!
1,Mati air mulu
1,"Km wifi mati
Aku air tdak mngalir, mau ke toilet kudu ambil air dari kamar mandi dikit2"
1,"aku tu kesel bgt, soalnya air nya itu suka mati
jadi bt bgt kalau mau cuci piring gaada air, keburu ga mood 
tmi :'"
1,Air mati dah jadi rutin harian
1,"

Tuy galon dong, air pam rumah w mati yang isi ulang gocengan itu aja tapi. W ga tajir kek sahrul soalnya"
1,Jd bingung mau pup apa mau mandi perkara air mati
1,Ah gue juga di tajur tapi air gak mati ah
1,Kecil habis itu mati air pdamnya
1,"Buset ini air pdam masih belum nyala dri kemaren ?! 
Daerah lu aman shen ?"
1,ini pdam mau bikin air mati sampe kapan ni?
1,"pdam mati dari kemaren, tetangga pun kesusahan cari air untuk aktivitas. akhirnya minta sama yg punya sumur dan nampung air hujan.... serasa film zombie apocalypse"
1,"Pdam mati dari kmren.
Segini baru bbpa jam susah air, udh ngeluh. Gimana sodara di palestine, krisis air bertahun2. Tp alhamdulillah disana ada proyek sumber air dr negara2 yg bantu. 
Bersyukur, penting bgt"
1,"Tiap mau boker di kantor gada air mulu , ini pdam cibadak ada dendam apa si sama gw?"
1,"Mohon bantuannya pak...?
Di daerah saya desa margomulyo kec juwana kab pati air PDAM sering mati tidak ada aliran, hidup juga sebentar dan tengah malam

Mohon pencerahannya"
1,"gila ni pdam gw rasa, masa sampe jam segini belum nyala juga air?????"
1,Ini apa kabarnya pdam? Air dari pagi belum keluar woy
1,mohon diperhatikan kebutuhan masyarakat yg paling mendasar ini yaitu air. Air di kota gunungsitoli jl. diponegoro air mati sdh 2 hari. masyarakat benar2 sgt kesulitan.
1,Kenapa ya air PDAM mati saat ini di Pondok Rosan....mohon petunjuk
1,"Tagihan per bulan 90 ribu, jadi total 2 bulan kena 180ribu. Bayangkan hrs bayar 180ribu di dong sementara selama dua bulan air jalan satu kali. SATU KALI SAJA INI AIR PDAM MENGALIR. 
Mengalir dari 2 minggu lalu dan sampai sekarang belum mengalir lg. Tapi katong disuruh bayar full"
1,"Lah ini pdam tts su gila ko? Air hampir dua bulan sonde jalan tapi tagihan pemakaian sama seperti air jalan lancar?? 
Diprotes malah bilangnya memang begitu? Memang begitu apa? Air dari sebelum seroja sa su sonde jalan, lah ini malah tagihan 2 bulan sama kek air ada jalan lancar"
1,"Pelayanan Air Bersih PDAM Balikpapan Hari Ini Mati, Simak Lokasi-lokasi yang Terkena Dampak"
1,"Pelayanan Air Bersih PDAM Balikpapan Hari Ini Mati, Simak Lokasi-lokasi yang Terkena Dampak

"
1,Air PDAM mati udah 3 hari.....tetangga kanan kiri juga mati...tolong perbaikan secepatnya...Alamat Kampung baru tambak oso RT 9 RW 3 waru sidoarjo
1,Gokar! Pdam nyala air jam berapa ya infonya? Dari malem euy udah gaada
1,"air ga nyala nyala dari pagi, gua mau mudik bgst kau pdam"
1,Ini air dari PDAM kapan nyala nya
1,ini air pdam kenapa mati dah
1,"DEMI APAPUN GUE BENCI BGT SAMA PDAM DEPOKK. sering bgt mati air fakkk tadi gua lagi piring tinggal bilas, aer tiba2 mati. pokokya tiap abis ujan sering bat mati jrrrr Allahumma"
1,"Hampir sebulan air pdam dari pagi sampai sore yang keluar kecil dan terkadang tidak keluar sama sekali di rumah daerah karang menjangan sby, sudah lapor ke kanal pengaduan pdam. Hanya direspon tanpa ada tindak lanjut apa-apa. Mengecewakan!
Cc"
1,"Halo, terhitung sejak tanggal 3 Mei 2021, air pdam saya mati. sudah pernah didatangi sekali, tapi masih belom ada tindak lanjut stlh penggantian meteran. Ditunggu banget yaaaa makasih banyak! hp saya 089612606646 no pelanggan 01000827"
1,"PDAM udh Gilak, air mati hampir seminggu"
1,"pak tolong air di jln setiabudi, tanjung rejo. ruko milala mas. air nya mati sudah 3 hari tidak hidup"
1,Dear PDAM. Air jam segini knp blm nyala
1,"Kondisi macetnya suplai air bersih PDAM Tirta Meulaboh ini sudah sangat-sangat sering terjadi, kami sudah tidak tahan lagi dengan kondisi seperti ini, kata Ainun."
1,Pdam kehabisan air?? Udh 5 hari gak keluar ini!!! Mau tutup ya??
1,min air pdam soreang mati terus kapan saya mau cuci min
1,"inpo min. air PDAM di perumahan pondok maritim tewas min gag bernyawa , mau nge tag bakule rodo' suwe respone ...."
1,.min pdam wilayah sumur welut lakarsantri air mati per pagi ini
1,Min mau laporkan wanprestasi pdam kab bogor apakah benar bernaung di bawah kami warga baranangsiang indah blok P bogor selalu tdk dpt jatah air. Mohon bantuannya sebab berkali2 pengaduan tp tdk ada perubahan.
1,"Kalau PDAM mati hanya sesekali itu masih wajar, tapi kalau berkali- kali apa lagi di satu titik yg sama ini perlu tindak lanjut serius mengingat air adalah kebutuhan pokok. Mohon dgn sangat bpk ibu pemegang amanah rakyat"
1,"mengsedih air PDAM mati, ku tak bisa mandi("
1,Pdam mati anjir.. Mana gabisa ngehidupin tandon air. Oke air galon
1,"Hello pdam, ini hari raya idul fitri hari kedua tapi air malah tidak ngalir dari subuh tadi sampe sekarang, mau ambil air wudhu sampe bingung, lokasi kuningan semarang utara"
1,"daerah tlogowaru masih mati air nya, tolong responnya pdam, sdh 3 hari mati"
1,"Semuanya saya maafin, kecuali Air PDAM yang mati dihari kedua lebaran."
1,"lagi lebaran hari kedua, byk cucian, air udah mati aje. gimana nih PDAM?"
1,"Dapet salam lebaran dari PDAM Tirta Wening Bandung pagi ini dengan matinya pasokan air warga...., Mantap Lah PDAM"
1,Buset air mati mulu gimana sih
1,Udah gila ya ini air mati dari kemarin
1,"Air rumah saya mati, tolong segera dibantu PDAM"
1,PDAM ada apa ya kok air saya ga nyala
1,WOI PDAM NYALAIN AIR GW MAU MANDI
1,permisi min air perumahan metro permata 1 kenapa mati ya
1,PDAM tolong ini air mati dari tadi subuh
1,"anak saya mau pergi sekolah tapi ga ada air, terimakasih PDAM"
0,"Pas kkn gw hampir mati soalnya udah mau hanyut di air terjun. Untung gw ditarik sama bapak"""
0,"ikan nya mati dong masa di selamatin dr air , gmna si"
0,"hampir mati gara2 bantuin temen yg kebawa deres arus air terjun, malah ikut jatoh berjamaah"
0,"keselek coklat, JUJUR INI BNR KAYA GUA PANIK BGT soalnya coklat nya nyangkut di ujung tenggorokan gua trs gua gbs napas dr idung abis itu gua congkel pake tgn gua ttp gbs gua minumin air putih ga larut akhirnya gua dorong pake sedotan bisa trs gua bnr bnr ngerasa mau mati ajg"
0,"huaaa anak kucing keceburr di air, gmn nolongnya njir? dia masuk kedalam rongga2 rumah org 
takut dia mati"
0,"Pernah hampir mati gara2 makan tteobboki bikinan sendiri. Pedes banget. Lebih pedes dari samy4ng. Pas makan oke2 aja karna aku tahan pedes. Tengah malemnya tiba2 sesek. Ulu hati dan dada sakit banget, keringet dingin. Aku kuat2in ambil promaag dan minum air anget, langsung better"
0,"Kalo maag udah kambuh berasa mau mati, sama waktu itu keseret ombak di pantai carita dengan leher gue yg kelilit tali papan surfing (?) Sakit banget ditambah susah nafas karna air+tali papan yg ngelilit leher untung ayah gue liat jd masih ada yg nolong"
0,"gue liat calon abang ipar gue ngobrol sm liam dan liam nunjukin ekspresi yang sama kaya tadi, air mukanya berubah dari waktu dia lari ngejer gue, gue sempet lihat liam khawatir dan marah bgt. mungkin dia marah krn gue ga ngasih tau kalo tadi gue sempet jatoh pas mati lampu"
0,"EH PAKCIK, pakcik antivaksin kan? Pakcik kalau setakat nak merapu taknak membaca , better pakcik pi tido ataupun pakcik pi la minum air zamzam banyak-banyak. Mati tak kisah bila pakcik. Saya , pakcik , semua org tak tahu bila nak mati."
0,"Tenggelem di Kali ampe lemes bgt berusaha naik malah tenaga makin abis mana temen gue masih kecil2 jga sma2 panik, udah nelen banyak air udah nyerah juga mikir pasti gue mati dan pas udah pasrah ada 2 cowo yg dateng dari sebrang renang buat ngangkat gue Alhamdulillah"
0,"sakit selama sebulan karena masalah pencernaan itu disebabin karena gue over makan pedes dan jarang minum air putih. udah ke 3 dokter berbeda ga sembuh rasanya mau nyerah sama hidup. last day sakit gue udh ngerasa kaya mau mati, tpi pada akhirnya ketolong. thanks god🏼"
0,"Katak bila di letak dlm air yg mendidih akan terus lompat keluar&amp;selamatkan nyawanya. Tapi bila di letak dlm air sejuk yg di panaskan perlahan2, ia tak akan lompat keluar..selesa sangat, hingga ia mati di didih! Kita sedang lihat sup katak PN di masak sekarang."
0,"1. Pas kaka ipar masak air kelupaan belum dimatiin. Akhirnya tekonya nyembur² apinya jadi gede merambat ke gas. Gasnya kebakar, keluar api gede. Mana kaka ipar hamil gede, ada kakaku yg sakit, ponakan kecil juga. Disiram² kaga mati. Terus ditutupin pake keset basah. Sempet ada"
0,Oh my mum made kaya roti dengan team akan datang complain dia mati macam tu kenapa orang sibuk cari air. Nak letak mana aku habiskan ni? Aku
0,Pernah pas umur 4tahun kecebur bak penampungan air yg uk lebih dari 10rb liter. Ga ditolongin ibu krn ibu ngira aku udah mati sambil teriak2 histeris untung budeku langsung tanggap dan nolonging aku.
0,"Terus malah ada api dari wajannya. Panik anjir karna gede bgt itu apinya, trs sama adek gw disiram air, alhamdulillah mati. Mana emak bpk gw ga ada, cuma berdua doang. Takut kebakar rumah sumpah"
0,"Lagi manasin minyak pake minyak kelapa, api medium, kutinggal ke toilet bentar, eh udah kobar-kobar apinya. Kompor kumatiin, terus ku kasih sink, ku kasih air, kobarannya makin besar. Udah panik, mau manggil satpam ga berani, akhirnya mati, rumah full asap sampe tangan kebakar."
0,This reminds me of that one time air mati kat rumah sewa aku masa tinggal di Selangor. Otw pi kerja singgah mandi kat Masjid Puchong
0,"Episode terkahir bener2 bisa nguras air mata eyy 

Dari scene bareum-bongyi, choi pd-bapaknya, yohan yg gak salah apa2, semuanyaaa, semuanyaa. Seharusnya gk terlalu sedih si bareum mati, tapi gue sedih bat dia pas sekarat 

"
0,"3 kali hampir mati di air
Yg pertama keseret ombak pantai, kalo gaada om"" yg nolongin, ya skrg dah matew

Yg kedua sama ketiga tenggelam di kolam 2.5m. sbnrnya bisa berenang, tp pas ke tmpt yg agak dalem, malah panik. Jadi otak blank trus yaudah, tenggelam wkwk"
0,"dan para biadab2 itu, ketika mati apakah meminta rakyat Palestina untuk menguburkan jasad yg penuh dgn kemunafikan itu?, bukankah saudara se-Tanah air mereka yg juga turut dicaci maki bahkan diabaikan mereka yg menguburkannya?, lalu knp mereka tdk segera pergi dari Tanah Air ini?"
0,"Jika aku bisa jadi bagian dari dirimu..
aku mau jadi air matamu, yang tersimpan di hatimu, lahir dari matamu, hidup di pipimu, dan mati di bibirmu ."
0,"jarang minum air putih, jarang olahraga, gak pernah minum obat darah rendah, tidur malem mlu, udh lah nyari mati bgt gue"
0,"dulu pas sd lg renang trs naik prosotan. si mas"" yg jaga ga tau kl ak udh melesat kebawah. pas ak udh nyemplung ke air tb"" ada anak kecil melesat cpt bgt dr atas, pinggang sebelah kiri ketendang, trs mati rasa didalem air gabisa napas gatau brp mnit, org"" yg liat katanya.."
0,"nasib jua di kitchen ada 100plus ku, sadakkan ke mati ku nada air bawa coffee makan mee masin"
0,"Ada masa di mana, doa dan air mataku lebih deras dari pahitnya lidahmu.

Dia, menyakitimu sedikitpun tidak pernah. Bagaimana bisa pahitnya lidahmu bertumpah padanya?

Berani kau sakiti dia, kau akan mati di tanganku!"
0,"G : Cila, artikan peribahasa berikut, sambil menyelam minum air
C : Cara paling ampuh buat MATI pak"
0,"[MVRP]

Ledak tawa menggema. Begitu lebar hingga rasanya rahang sang pemuda hendak lepas. ""Aduh, kau ini..."" keluhnya sembari menyeka air di sudut mata. ""Lalu siapa yang akan membereskan ini jika saya ikut jadi si mati?"""
0,loh? iya kah? kok aku ingetnya sherlock sama Moriarty gelut terus nyebur ke air terjun berdua. terus watson ngira holmes dah mati tapi gataunya dia memalsukan kematiannya buat nyingkirin anak buah Moriarty. terus dateng ke watson hidup2 dan watsonnya kaget.
0,"Aku pernah yg lilin dikelilingi air, trus kalo kita ga kasih udara ke lilinnya airnya bakalan naik dan lilinnya mati"
0,"... Karena rasa kecewa tidak bisa diungkapkan dengan kata-kata namun hanya bisa dengan air mata, namun bagaimana aku menunjukkannya? Bahkan hatiku pun rasanya sudah mati, ingat ebru, kau tanpa kami bukan apa-apa, aku tidak pernah bilang bahwa aku membencimu..."
0,"Rasa sayangku buat kamu seperti air untuk tanaman. Ga boleh terlalu banyak dan terlalu dikit, karena bisa bikin mati. Yang normal saja, maka cinta kita akan tumbuh selamanya…."
0,"Pernah. Pas laptop rusak kemasukan air. Nangis sampai pukulin dada. Kayak, hidup dan mati ku ada di dalam laptop."
0,"Seorang wanita pelacur melihat seekor anjing di atas sumur dan hampir mati karena kehausan. Lalu wanita itu melepas sepatunya, diikatnya dengan kerudungnya dan diambilnya air dari sumur (lalu diminumkan ke anjing itu). Dengan perbuatannya itu dosanya diampuni. (HR. Bukhari)"
0,"Seangkatan maba jagain lilin, kating ngelemparin pake plastik yg diisi air.
Targetnya si maba harus jalan dari start ke finish, di finish ada lilin baru jd api dari lilin start harus di estafet in ke lilin finish. Kalo api lilin mati diulang lagi, seru bgt wkwkwk"
0,"""Mengapa kamu tidak menangis setelah melihat dia mencampakkanmu?"" Sebelum ini, kamu melihat kekasih sahabatmu berselingkuh dengan orang lain. Pikirmu sahabatmu akan marah dan menangis sampai air matanya kering. Namun, dia malah diam seperti manekin mati yang tak mempunyai emosi."
0,"Gendong bayi kembar 2 3 4 bahkan ada bayi kembar 7 di Palestina, Masya Allah..kata pepatah: mati 1 tumbuh 1000.

Hapus air mata Gaza, dukungan anda:




our activity |"
0,iya klo air mati nyuci piringnya hrus di kamar mandi ya ga si
0,"Selain takut ketinggian kedalaman air, aku juga takut sama stasiun kosong rel mati kereta api melintas :"")"
0,semoga aja udah mati soalnya td udah kena air mata
0,"Pas demo kena gas air mata terus seketika asma kambuh, dalem hati kek udh siap gasiap kayaknya gw bakal mati nih"
0,"minum air kolam 2 teguk, udh lambai lambain tangan gd yg ngehh pas udh mau tutup mata tbtb ditarik sama tmn, alhamdulillah gajadi mati hari itu, alhasil sekarang ak dah jago berenang"
0,Musibat air punya manusia mati je la sial
0,"kata bibiku, aku langsung dibawa ke bidan dengan keadaan pucat, perut buncit dan pas dikeluarin isinya air semua bahkan kataya aku kayak udah ga bisa tertolong. kalo ditanya aku inget apa ga sama kejadian itu jawabannya ""engga"" mungkin aku kayak mati suri kali ya??? entahlah."
0,yaaa seneng sih gajadi mati tapi air mata gue terkuras sia sia gitu
0,"Sejak jadi emak2 tiap mau tidur pas merem yg terlintas dipikiran adalah apakah kompor udah mati, apakah air kran udah mati, apakah cucian udah dijemur.."
0,ALHAMDULILLAH AMAN SENTOSA AIR KRAN SUDAH MATI BERKAT DIRIKU
0,w yg mati kelelep air
0,"ini lemes gara gara udh gaada tenaga buat munculin kepala/tangan minta tolong anjir. tenaga udh abis, air udh keminum banyak pokonya udh hopeless sampe mikir bakal mati di tempat"
0,trs gue kek yg di pilem2 gt yg dada nya di teken keluar air beneran pas tenggelem uda mikir mati ini mah
0,"jika air matamu adalah ungkapan rasa, maka hati tanda mu adalah tanda kau mati rasa.."
0,"dbd stadium 4, trombosit 17.000 (normalnya 150.000-400.000), setengah paru-paru kerendem air infus, pembuluh darah bocor, alhamdulillah sembuh dan sekarang sehat sehat aja, padahal harusnya udah mati"
0,"sampai"" air laut itu nyiprat ke muka bahkan pelampung. mesin kapalnya mati (ntah sengaja atau tdk sengaja) jadi disitu kami hanya bisa berdoa supaya ombaknya tenang. posisinya kami diayuni ombak krna mesin kapal mati. ibuk udh cemas, udah megangin tanganku sama abangku n baca doa"
0,"nak nangis pun tak keluaq air mata, mati rasa."
0,"Listrik mati hidup mati hidup. 
Si kecil nyemplungin HP ke air, ditambah sakit gigi."
0,Tenggelam di kolam 3 meter sumpah itu aku gabisa renang tp bisa sejauh itu kayak udh mau mati bgt untungnya ada yg nolongin makanya sampe skrg trauma sama air dan kolam renang
0,"Darah rendah, jarang makan, jarang minum air putih, begadang lancar, nyari mati emang"
0,Terus pernh juga sok2an lompat dari air terjun 2/3 meteran pdhl gak bisa renang wkwk anjir sumpah gw udah pasrah bakalan mati kalo gak di tolongin temen wkwk udah gitu kapok gak berani macem2 lagi
0,"Habis telur betinanya sih yang di pisah. Jantannya di pisah setelah anaknya pada bisa berenang ( kalo aku )

Beli di gang belakang rumah kebetulan ada yg jual hehe. Mereka ga mau kutu air mati dan dirumah dulu ga punya aerator. Jadi belinya buat makan sehari doang"
0,"tenggelam, pas sd kan gua pendek parah ye terus sama temen gua di dorong ke kolam yg dalem bgt gua udah kek ""mati ini mati"" air udah keminum banyak banget udah kaya kejang gitu di tarik temen gua yg genter terus di bawa ke pinggir terus ya gitu"
0,"Gatau gue gblk bgt mlah mikirin yg lain bener2 gafokus buat renang sampe gue ga sengaja mlah nafas mulut kebuka gt auto masuk semua, gue lgsg keatas asli disitu gue sesek bgt Ya Allah mau mati rasanya trus gue disitu istighfar terus sampe Ya Allah air kaporit nya itu loh-"
0,"Gara-gara ranking turun + gamau di asrama, gua dilelepin di kolam ama ayah, dari pagi sampe malem gak boleh naik.

Harus bilang makasih sama ayah, sampe sekarang gua takut kalo liat air banyak, liat danau apalagi laut pikiran gua langsung ke 'mati' )"
0,"Mati-matian aku meredam, memadamkan api yang sedang bergejolak, dan kamu, dengan senang hati menyulut api lagi.
"
0,Siapa yg bilang perang agama? Bukankah pak jendral itu yg ungkit khilafah'..? Pks adlah partai berbasis kan islam tentu mrka selalu menyuarakan yg berhubungan dgn islam'dn jgn salah di agama islam pun di ajarkan cinta tanah air bhkan mati membela tanah air adlh syahid
0,Iya deh tp yang salah itu tukang pindang dah tau ikannya mati malah dikasih air dibariskan pula hadeuuuhh
0,Klo abis pke sepatu kakinya direndem air hangat di kasih 2 teteh detol anti septic biar bacterinya pada mati. Klo abis direndem kakinya keringin sampe bner2 kering setelh itu kasih salep 88/ fungisdrem
0,"Tak pernah minum air cuci karat ni... tak minum tak mati pun, lgi sihat"
0,MAAF KEZIA OFF AIR DADAKAN. MATI LAMPU. NANGES
0,nyari air/sungai dlu pasti nya biar ga mati
0,"Dulu maen di pantai dan gue kebawa arus, udah megap2 kemasukan aer banyak bgt smpe mata pedes, pasir juga masuk kemulut dan mata. didalem ati dah mikir ""kek nya bakal mati deh ini"", terus tiba2 ditarik orang dan aku selamat. Sampe sekarang jadi takut sm air yg banyak dan lautan."
0,"Sampe akhirnya aku nyerah bgt, gatau dah nelen air se banyak apa, aku dah nutup mata, mikir itu hari terakhir ku, aku bertanya"" 'ahh aku mati dg cara spt ini rupanya' tp sesaat kemudiaan seseorang menarik ku keluar dari dalam air, aku gajadi mati deh"
0,"cicak sialan
sial banget gue malam ini, pas masuk kekamar mandi,gue kaget ada cicak terjun ke dalem bak mandi gue, anj lah, kudu gue bersihin tu bak mandi, pas uda gue bersihin dan mau mandi, eh listrik ngen ini mati, mana air habis lagi, BENCI BGT SAMA CICAK"
0,Yang kalo mati terus jadi bola air terus aoe damage
0,pls ini air mati ngalir terus ga bisa di ajak kompromi bgt....
0,freak bgt orang-orang ih. kalo kata gue sih yg suka nyuruh-nyuruh orang mati lebih baik jd kardus akua aja yg kena air dikit peyoOt
1,tolong pak listrik blom nyala udah 8 jam 
1,pak bisnis saya mandek gara gara listrik mati
1,ada info ngga daerah gandaria listik mati dari pagi nih
1,tolong ditangani listrik mati daerah serpong
1,pak mohon diperiksa listrik rumah saya sering mati hidup sendiri padahal meteran jalan
1,maaf pak mohon bantuannya listrik kampung saya mati seharian nih
1,listrik mati lagi fak baru juga nyala 1 jam pln tolong dong
1,aduh gabisa kuliah gara gara listrik mati dari pagi pln tolong saya mau berkegiatan juga
1,gimana mau kerja kalo listrik mati dari subuh pln tolong kerja plis
1,listrik daerah saya mati pln ada informasi
1,pemadaman tiba tiba kenapa nih pln daerah bintaro mati listrik
1,mati lampu aduh sinyal jelek gabisa kuliah udah 4 jam mohon bantuannya pak pln
1,pln kampret ngerepoting banget listrik dah mati 3 jam gimana nih
1,petugas pln kapan datang ya pak sudah 2 jam mati listrik di kelapa gading
1,ada pemadaman bergilir kah pln belum diinformasikan listrik saya padam sudah 3 jam
1,listrik padam pak lokasi jakarta timur
1,"kenapa listrik daerah ancol padam ya pak, ada informasi?"
1,anjing gw lagi stream mv tlb tb tb lampu mati kapan dibenerinnya pak
1,tolong dong listrik daerah sungai buah mati nih mohon infonya pak
1,askfess ada info gak gandaria udah mati listrik 3 jam
1,pak nyalakan listrik daerah ptc dong pak gabisa jualan
1,pantek listrik padam 3 jam gimana gw kuliah cok pln
1,kurangajar baru mau tidur malah mati listrik
1,listrik mati dari pagi sampe sekarang gimana pln
1,anjing lo pln lagi main malah mati listrik. kapan benernya gw mau main lagi
1,dari jam 7 lampu ga nyala nih gimana nih pln
1,asu pln ganggu banget 3 hari listrik nyala mati
1,pemadaman ga dijadwalin loh tapi listrik saya 2 hari mati nyala pak tolong pln info nya
1,bisa gila gw tiap hari mati listrik begini sampe sekarang
1,pln tolol kerja ga si kenapa listrik gw mati lagi tagihan jalan terus benerin dong
1,jkt panas banget yaallah listrik mati dari jam 9 pln goblog
1,kwh saya normal pemakaian normal tapi kenapa listrik rumah saya saja yang padam sudah 2 hari ya pak mohon bantuannya
1,panas banget gila mau minum pake air dingin listrik malah mati udah 2 jam lagi
1,sampe sekarang listrik masih blom nyala gajelas kaya doi
1,mau nyuci baju malah mati listrik kapan nyalanya woii ga kering cucian gw
1,listrik malah padam padahal mau kerja pln jancok kapan nyala
1,udah gila kali pln matiin listrik tengah malem panas banget buset
1,ini kenapa ya pak kok jam 12 malam mati listrik ada informasi kah
1,pemadaman listrik daerah pulau gadung kenapa nih
1,anies gajelas pln nyusahin listrik mati mulu daerah jakarta barat borrr
0,seperti mati lampu ya sayang sperti mati lampu
0,gila kali ya kalo misal gw ujian nih eh mati listrik trus dosennya  marah marah
0,dosen goblok lagi mati listrik nilai gw dikasih jelek
0,kemaren ada premiere tapi listrik malah mati hadeh
0,gimana ngecas hape cuk kalo listrik lagi mati 
0,sori lah bro gw jadi gabisa mabar mati listrik nih
0,padam api hati ini kaya listrik pln
0,sudah padam cintaku sayang padammm listrik aja padam apalagi cinta
0,pusing kali ya raffi ahmad kalo listrik mati jenset rusak
0,artis gapernah mati listrik apa ya?
0,sisca kohl pernah mati lampu ga ya
0,reza arap sasageyo kalo mati listrik shinsou sasageyo berbintang keren banget
0,pernah ga ya tara arts kalo lagi stream malah mati listrik
0,wondering gimana idup enak tanpa mati listrik
0,kapan ya indo gaada mati listrik lagi
0,ini negara akan maju ketika tidak ada lagi kendala mati listrik
0,indonesia maju tanpa mati listrik ayo pln semangat
0,gila ga ya operator pln handle komplain air mati mulu
0,gimana ceritanya kalo multimillionaire company mati listrik and jenset rusak
0,agak kesulitan ya bos mati listrik
0,listrik mati lagi hahay bener tebakan gw
0,kejadian orang tersambar listrik dan mati seketika
0,hati hati ketika bekerja dengan listrik seorang petugas pln mati tersambar listrik
0,gardu meledak ini menyebabkan listrik mati dan korban jiwa
0,gaada solusi sejauh ini ya untuk kendala listrik mati indonesia
0,perusahaan lilin nasional adalah julukan pln karena listrik mati mulu
0,pln bobrok bisa bisanya korupsi pelayanan jelek listrik sering mati
0,mati ga lu kesamber listrik
0,mainan stungun serasa mati kesamber listrik yak
0,listrik goes brrrr petir nyamber trus mati
0,gimana ya rasanya mati kesamber listrik segede petir gitu
0,keren banget pesawat bisa tahan di udara ga mati karena listrik voltase gede kaya petir
0,gelap idup gw kaya mati listrik
0,mata lu gelap apa bos gaada baik nya lagi kaya mati listrik
0,hahaha masa depan gelap kek mati listrik
0,gaada korelasinya hei mati listrik sama penjualan ganja
0,iksan skuter mati listrik pas dipanggung
0,pak sapardi aku mati listrik dengan sederhana
0,lampu mati mau marah ternyata bohlam putus
0,cwk gajelas mati lampu malah marah marah
1,Ya allah jalan bolong ganggu banget kalo lewat sini
1,"Pecah lagi kan ban gw gara gara jalan bolong, hadeh"
1,Jalan bolong cok di ring road benerin kek
1,Woi dishub jalan bolong di kemanggisan tolonglah benerin
1,Rusak lagi de shock breaker gw lewat jalan bolong mulu depan Binus
1,Jalan bolong rusak parah pak harap diperbaiki
1,Jalan bolong kaya begini tiap hari mana bisa awet mobil
1,Jalan jelek banget bolong semua sampai sekarang belom dibenerin
1,Kapan pak jalan bolongnya ditambel? Udah ganggu banget ini
1,"Temen saya kecelakaan di sini karena ngindarin jalan bolong nih pak, tolong dong diperbaiki"
1,"Jalan bolong terus, mana sih dishub, mana bisa nih ditambel pake semen"
1,"Modal ga sih dishub, masa jalan bolong harus ditambel masyarakat pake nyemen sendiri"
1,Harap diperbaiki jalan bolong di sekitar taman anggrek
1,Tol lampung KM 87 bolong parah pak mohon bantuannya
1,Benci banget ngelewatin jalan bolong ini tiap hari
1,Jatoh gara gara jalan bolong disini cokk benerin kek pemerintah
1,"Jalan bolong nih pak, mohon bantuannya"
1,Aduh jalan bolong kapan dibenerinnya plis udah sering banget ban bocor
1,Jalan bolong sarjito menyebabkan ban bolong
1,tolong diperbaiki pak jalan bolong disini sudah parah dan sering banjir
1,tolong ditambal pak jalan bolong nya karena memperlambat akses
1,jalan bolong nya sudah parah di gejayan bikin macet
1,tolong ditambal jalan bolong nya dishub
1,dishub gimana sih 5 tahun lewat depan rumah jalan utama bolong masa harus ditambal warga sekitar
1,agak kerepotan nih ngindarin jalan bolong apalagi daerah UGM tuh
1,boro boro pemerataan pembangunan jalan bolong gandaria aja ga dibenerin anies
1,tolong lah pelayanan publik nya mbok dibagusin ini ada jalan bolong depan istana presiden loh masa ga dibenerin
1,jancuk jatoh gara gara jalan bolong dong hati hati guys di meruya
1,jalan bolong di ancol nih pak tolong perbaiki jalan protokol padahal
1,depan summarecon jalan bolong parah gara gara truk kebalik kapan ya dibenerin
1,benerin woi jalan bolong 2 tahun di senayan ga kerja apa pemerintah
1,ea jalan rusak ga ditambel apa bos udah ribut nih warga
1,jalan jakarta rusak trotoarnya rusak jelek banget yaallah anies tolong benerin dong
1,nih jalan rusak gamau dibenerin apa bikin malu. daerah bekasi barat
1,gaada kemajuan pembangunan kalo jalan rusak gini gapernah dibenerin. tolong dibenerin pak udah bahaya
1,bahaya banget buset tol cipularang jalan nya rusak semua
1,rusak parah banget jalan palembang indralaya ini gubernur diem doang tolong dong benerin
1,"susah kalo jalan rusak gini, benerin kek ini udah lama loh dibiarin gini dishub gimana"
1,ngepet shock breaker gw rusak gara gara jalan rusak. benerin dong pak dishub daerah puncak nih
1,laporin dong jalan tegalrejo rusak parah sering macet
0,Jalan jalan siang bolong yang bener aja
0,Siang bolong disuruh nguli cok capek jalan kaki
0,Gosong ya allah siang bolong jalan kaki gara gara mobil rusak
0,Apasih ms jalan ke mall kok pake kaos bolong
0,Malu maluin aja jalan ke kaliurang pake kaos ternyata bolong
0,aduh celana gw bolong jalan jadi gaenak
0,ganyaman banget jalan pake celana bolong
0,"temen gw pernah kurang ajar, sempak gw lagi bolong eh disuruh jalan lompat lompat"
0,"dosen gajelas kuliah kok bolong bolong, mending jalan ke laut"
0,Viral jalan bolong dikomentari bule
0,begini caranya melaporkan jalan bolong ke dinas perhubungan
0,arya saloka mengomentari jalan bolong
0,sinetron ini indonesia banget gila setup nya pake jalan bolong
0,"kaos gw bolong lagi, ga nyadar jalan sama doi"
0,ga nyambung mas siang bolong ngomongin jalan sama pacar
0,nih gw tandain jalan lu sama selingkuhan semoga jalan bolong bolong
0,viral jalan bolong diabadikan warga sekitar sebagai bentuk kritik
0,jalan bolong 20 tahun belum pernah mendapat perbaikan
0,pingin gitu punya mobil tapi jalan indo banyak bolong
0,z33 gw ancur keknya kalo di indo jalan banyak bolong
0,mas mas punya harley nangis ga ya bawa di jalan bolong indo wkwkwk
0,touring jalan bolong bolong asik sih boyoken ga tuh
0,jangan ngebut ngebut ya guys kalo jalan banyak bolong tar ban nya lepas
0,kesemutan cuk pantat kalo lewat jalan bolong
0,hape gw jalan nih tapi kok layarnya ada yang bolong
0,gaming  jalan terus tapi kok code debugging routine nya bolong bolong
0,puasa gw bolong dong gara gara jalan sama doi
0,gajadi puasa syawal streak jadi bolong karena ada syukuran hehe
0,jalan bolong jalan bolong jalan bolong
0,bolong jalan jalan bolong lagi ngetes ngetes lagi
0,love you mas mas jalan kaki kaos bolong
0,jalan sama lo rusak pertemanan bosqu
0,rusak idup gw gara gara jalan sama mantan kampret nyusahin
0,"spill dikit, hidup gw mulai rusak sejak jalan sama dia"
0,jalan di indonesia bisa ga ya ga rusak kaya di jepang
0,menurut gw harusnya pemerintah nganggarin sekian juta buat pemeriksaan rutin jalan rusak
0,ati ati ya guys kalo ngebut di tol jalan kadang ada yang bolong
0,serem banget lagi ngebut di tol et jalannya rusak
0,bahaya banget asli ada mobil belok tiba tiba karena jalan rusak
0,jalan aja sama si kampret gw doain rusak hubungan lu ga lancar amin
1,PEN BERAK TAPI AIR MATI COK PDAM PALEMBANG GIMANA
1,PAK TOLONG 3 HARI AIR MATI NYALA DIKIT BANGET GABISA MANDI
1,pdam lahat mohon info air sudah mati 2 haru kenapa ya
1,kenapa lagi nih pdam air mati tolong dong gabisa ngapa ngapain
1,air mati lagi pak mohon bantuannya
1,air macet lagi pipa pdam kesumbat apa
1,aduh udah seminggu air macet air mati idup kecil
1,tolong dong pdam perbaikin air mati nya saya gabisa masak
1,tolong cok udah bayar mahal air mati mulu disini
1,air masih mati nih pak padahal saya udah bayar tepat waktu gimana saya gabisa pakai air
1,pak ini jakarta lagi krisis air apa ibukota air saya mati lagi
1,dari pagi sampai jam 3 sore air masih mati gimana ini pdam
1,tolonglah air nya pdam kok mati lagi sudah 2 hari
1,air mati air mati kapan nyalanya gabisa mandi fakk
1,tolong bos air mati lagi bos gimana ini bintaro
1,pdam tolong dong daerah rusun mati air nih warga gabisa ngapa ngapain
1,pemerataan apanya air gw udah mati 3 hari
1,gabisa kerja gw pak kalo air mati gini masa gw ga mandi
1,udah bayar woi pdam gw udah bayar kok air mati lagi satu kampung
1,air nya macet macet boleh tau pak kenapa daerah kaliurang km 10
1,pak lapor air mati daerah pogung lor mohon informasinya
1,aduh air mati kapan benernya pdam tolong dong daerah meruya
1,air kok ga jalan lagi ya padahal udah bayar
1,bayaran air mahal tapi air mati bagaimana ini pdam palembang pelayanannya
1,aghhh masa air mati cok gw mau mandi mau kerja ini kota padahal
1,pdam ngapain si air mati lagi jadi susah daerah jakarta selatan pdam tolong
1,tagihan pdam mahal tapi sekarang air gw mati padahal kemaren baru bayar
1,tolong perbaikannya air saya mati terima kasih ditunggu
1,lapor pak air perumahan daerah cipinang mati dari pagi
1,pak air daerah pondok labu mati dari pagi ada info kah
1,udah 3 hari ga mandi gara gara air mati tolong pdam
1,pdam bodoh air dimatiin lagi baru aja nyala ini kenapa nih
1,apa pipa gw bocor ya kok 2 hari air ga jalan pdam mohon bantu
1,pdam ncen asu mau mandi air gaada eh air mati siang bolong
1,cucian numpuk gabisa nycui karena air mati gimana pdam kapan nyala nya
1,pak mau mandi udah malem tapi kok air mati. mohon infonya dong daerah ancol
1,udah gila kali tengah malem air mati sama PAM kudu mandi gimana gw blom nyala nyala
1,kapan nyala nih air mati dari subuh saur gaada minum
1,gimana ya kalo air masi mati lapor kemana ya
1,air ledeng saya mati pak sudah 3 hari anak gabisa makan tolong bantuannya
0,sinar air mancur mati lah kau pantek
0,air mata gua dah abis mending lo mati
0,mantan kampret ngabis ngabisin air mata mau mati gua
0,air minum abis tugas banyak kudu begadang mau mati aduh
0,mati gua cukk banyak banget kerjaan untung ada air anget
0,air mata gw abis dah mati kaya air ledeng mati
0,tolong mas mas yang benerin air mati ganteng banget help
0,aduh mbak kalo air nya lagi abis ya beli dong masa nunggu mati dulu manja banget
0,shombong amat mati kali lu ngikutin ego mulu kaya air ngalir
0,air pdam ga mau diskon apa sering mati gitu
0,pengen tinggal di negara lain yang air nya jarang mati
0,mati lampu air habis kudu gimana
0,coba tebak kalo air lagi mati gw ngapain
0,air di danau ini menyebabkan mati rasa loh
0,kematian diduga akibat tenggelam di air laut mati
0,air mata dah kering bos gamau lagi berhubungan sama lu bisa mati gue
0,"kapok ga si nangis mulu, itu air mata buaya hampir mati gue ketipu sama lu"
0,viral air danau ini dikabarkan bisa menangkal mati
0,mati listrik indo pengen gw inovasi biar listrik diganti batere tenaga air aja
0,rusuh banget pak air sungai item kaya mau mati aja lo pada
0,pak gubernur anies gimana si air kali item hitam gitu keknya kalo nyelem bisa mati keracunan
0,"air raksa bisa menyebabkan kematian loh, ini kasus orang mati karena air raksa"
0,air jordan keren banget mati ga tu yang bikin
0,gila macet lagi jalanan air selokan udah mau meluap
0,apasih ga masuk akal kalo orang tenggelam ya mati karena air masa ngga
0,air robinson dijual nih mau mati farming nya cuk
0,lama nunggu air nyala sampe tua sampe mati pdam ga becus juga
0,macet macet jalan macet air macet
0,mati air adalah bentuk keresahan sosial pdam
0,kudunya air dinyalan dulu pak masa ditinggal mati trus anda berak
0,memang fucked up sekali kalo air mati
0,pas berak air mati panik bos
0,lagi mandi masi shampoan air mati sama temen dibecandain bangke
0,asu pengen cebok gimana ya serem banget kalo air mati tiba tiba
0,ayu ting ting pernah ngerasain air mati ga ya
0,laporan terkini wc saya tersumbat karena buang air ketawa sampe mati mampus
0,artis gajelas air mati malah masuk berita
0,sinyal telkom mati nih saatnya minum air biar fokus rehat
0,air ngadat vs sinyal ngadat lebih serem mana hayo
0,mati ga tuh kesiram air raksa serem banget
